{
    "device_type": "D435i",
    "imus": [
        {
            "accelerometer": {
                "bias": [
                    0.010988758698915437,
                    -0.3284801408001849,
                    0.24112418192411578
                ],
                "scale_and_alignment": [
                    1.0230049716597853,
                    -0.02338963235943558,
                    -0.0037645068422649786,
                    -0.03042323510596496,
                    1.0150791407730666,
                    -0.030290148709997355,
                    0.02210681076417076,
                    0.01711112619464633,
                    1.0259509157545388
                ]
            },
            "gyroscope": {
                "bias": [
                    -0.004519342867986766,
                    0.0015491742406151124,
                    1.0184517201191817e-08
                ],
                "scale_and_alignment": [
                    1.0,
                    0.0,
                    0.0,
                    0.0,
                    1.0,
                    0.0,
                    0.0,
                    0.0,
                    1.0
                ]
            }
        }
    ]
}