{
    "device_type": "D435i",
    "imus": [
        {
            "accelerometer": {
                "bias": [
                    0.0732734147977969,
                    -0.39352657690708304,
                    -0.10125272284547165
                ],
                "scale_and_alignment": [
                    1.0175126454110444,
                    0.008887394956097876,
                    -0.028266679203549302,
                    -0.003980833201807119,
                    1.0090550196712578,
                    0.03220107706599784,
                    -0.027411239916891362,
                    -0.010305799910295788,
                    1.0266539468986864
                ]
            },
            "gyroscope": {
                "bias": [
                    -0.005055229325313408,
                    0.0012336729848575196,
                    0.0011711019115946849
                ],
                "scale_and_alignment": [
                    1.0,
                    0.0,
                    0.0,
                    0.0,
                    1.0,
                    0.0,
                    0.0,
                    0.0,
                    1.0
                ]
            }
        }
    ]
}